{"freq":[0.025,0.05,0.075000000000000011,0.1,0.125,0.15,0.17500000000000002,0.2,0.225,0.25,0.275,0.30000000000000004,0.32500000000000007,0.35000000000000003,0.37500000000000006,0.4,0.42500000000000004,0.45000000000000007,0.47500000000000003,0.5,0.52499999999999991,0.55,0.575,0.6,0.625,0.64999999999999991,0.675,0.7,0.725,0.75,0.775,0.8,0.825,0.85,0.875,0.9,0.925,0.95,0.975,1],"dir":[-180,-165,-150,-135,-120,-105,-90,-75,-60,-45,-30,-15,0,15,30,45,60,75,90,105,120,135,150,165,180],"var_dens":[[0,0,0,0,0,0,0,0,0,0,0,0,0,0,0,0,0,0,0,0,0,0,0,0,0],[1.84E-300,3.35E-144,2.42E-141,7.76E-140,5.89E-139,1.75E-138,2.48E-138,1.75E-138,5.89E-139,7.76E-140,2.42E-141,3.35E-144,1.84E-300,0,0,0,0,0,0,0,0,0,0,0,0],[8.07E-190,1.47E-33,1.06E-30,3.4E-29,2.58E-28,7.7E-28,1.09E-27,7.7E-28,2.58E-28,3.4E-29,1.06E-30,1.47E-33,8.07E-190,0,0,0,0,0,0,0,0,0,0,0,0],[1.12E-171,2.03E-15,1.47E-12,4.71E-11,3.57E-10,1.07E-9,1.51E-9,1.07E-9,3.57E-10,4.71E-11,1.47E-12,2.03E-15,1.12E-171,0,0,0,0,0,0,0,0,0,0,0,0],[4.91E-167,8.94E-11,6.48E-8,2.07E-6,1.57E-5,4.69E-5,6.63E-5,4.69E-5,1.57E-5,2.07E-6,6.48E-8,8.94E-11,4.91E-167,0,0,0,0,0,0,0,0,0,0,0,0],[1.38E-165,2.5E-9,1.81E-6,5.8E-5,0.000440397,0.00131213,0.00185583,0.00131213,0.000440397,5.8E-5,1.81E-6,2.5E-9,1.38E-165,0,0,0,0,0,0,0,0,0,0,0,0],[4.98E-165,9.07E-9,6.57E-6,0.000210219,0.00159635,0.00475618,0.00672699,0.00475618,0.00159635,0.000210219,6.57E-6,9.07E-9,4.98E-165,0,0,0,0,0,0,0,0,0,0,0,0],[1.6E-164,2.91E-8,2.11E-5,0.000674824,0.00512445,0.0152679,0.0215944,0.0152679,0.00512445,0.000674824,2.11E-5,2.91E-8,1.6E-164,0,0,0,0,0,0,0,0,0,0,0,0],[6.78E-165,1.23E-8,8.94E-6,0.000286098,0.00217256,0.00647296,0.00915514,0.00647296,0.00217256,0.000286098,8.94E-6,1.23E-8,6.78E-165,0,0,0,0,0,0,0,0,0,0,0,0],[3.41E-165,6.2E-9,4.49E-6,0.000143741,0.00109154,0.00325214,0.00459972,0.00325214,0.00109154,0.000143741,4.49E-6,6.2E-9,3.41E-165,0,0,0,0,0,0,0,0,0,0,0,0],[2.43E-165,4.42E-9,3.2E-6,0.000102387,0.000777502,0.0023165,0.00327639,0.0023165,0.000777502,0.000102387,3.2E-6,4.42E-9,2.43E-165,0,0,0,0,0,0,0,0,0,0,0,0],[1.74E-165,3.17E-9,2.29E-6,7.34E-5,0.000557586,0.00166128,0.00234966,0.00166128,0.000557586,7.34E-5,2.29E-6,3.17E-9,1.74E-165,0,0,0,0,0,0,0,0,0,0,0,0],[1.25E-165,2.27E-9,1.65E-6,5.27E-5,0.000399835,0.00119127,0.0016849,0.00119127,0.000399835,5.27E-5,1.65E-6,2.27E-9,1.25E-165,0,0,0,0,0,0,0,0,0,0,0,0],[9.02E-166,1.64E-9,1.19E-6,3.81E-5,0.000289021,0.000861114,0.00121793,0.000861114,0.000289021,3.81E-5,1.19E-6,1.64E-9,9.02E-166,0,0,0,0,0,0,0,0,0,0,0,0],[6.6E-166,1.2E-9,8.7E-7,2.78E-5,0.000211384,0.000629801,0.00089077,0.000629801,0.000211384,2.78E-5,8.7E-7,1.2E-9,6.6E-166,0,0,0,0,0,0,0,0,0,0,0,0],[4.89E-166,8.9E-10,6.45E-7,2.06E-5,0.000156647,0.000466717,0.000660109,0.000466717,0.000156647,2.06E-5,6.45E-7,8.9E-10,4.89E-166,0,0,0,0,0,0,0,0,0,0,0,0],[3.67E-166,6.69E-10,4.84E-7,1.55E-5,0.000117648,0.000350522,0.000495766,0.000350522,0.000117648,1.55E-5,4.84E-7,6.69E-10,3.67E-166,0,0,0,0,0,0,0,0,0,0,0,0],[2.8E-166,5.09E-10,3.68E-7,1.18E-5,8.95E-5,0.000266709,0.000377225,0.000266709,8.95E-5,1.18E-5,3.68E-7,5.09E-10,2.8E-166,0,0,0,0,0,0,0,0,0,0,0,0],[2.15E-166,3.92E-10,2.84E-7,9.08E-6,6.9E-5,0.000205472,0.000290613,0.000205472,6.9E-5,9.08E-6,2.84E-7,3.92E-10,2.15E-166,0,0,0,0,0,0,0,0,0,0,0,0],[1.68E-166,3.06E-10,2.21E-7,7.08E-6,5.38E-5,0.000160153,0.000226515,0.000160153,5.38E-5,7.08E-6,2.21E-7,3.06E-10,1.68E-166,0,0,0,0,0,0,0,0,0,0,0,0],[1.32E-166,2.41E-10,1.74E-7,5.58E-6,4.24E-5,0.000126198,0.00017849,0.000126198,4.24E-5,5.58E-6,1.74E-7,2.41E-10,1.32E-166,0,0,0,0,0,0,0,0,0,0,0,0],[1.05E-166,1.92E-10,1.39E-7,4.44E-6,3.37E-5,0.000100456,0.000142082,0.000100456,3.37E-5,4.44E-6,1.39E-7,1.92E-10,1.05E-166,0,0,0,0,0,0,0,0,0,0,0,0],[8.46E-167,1.54E-10,1.11E-7,3.57E-6,2.71E-5,8.07E-5,0.000114172,8.07E-5,2.71E-5,3.57E-6,1.11E-7,1.54E-10,8.46E-167,0,0,0,0,0,0,0,0,0,0,0,0],[6.86E-167,1.25E-10,9.04E-8,2.89E-6,2.2E-5,6.54E-5,9.26E-5,6.54E-5,2.2E-5,2.89E-6,9.04E-8,1.25E-10,6.86E-167,0,0,0,0,0,0,0,0,0,0,0,0],[5.6E-167,1.02E-10,7.39E-8,2.36E-6,1.79E-5,5.35E-5,7.56E-5,5.35E-5,1.79E-5,2.36E-6,7.39E-8,1.02E-10,5.6E-167,0,0,0,0,0,0,0,0,0,0,0,0],[4.62E-167,8.4E-11,6.08E-8,1.95E-6,1.48E-5,4.4E-5,6.23E-5,4.4E-5,1.48E-5,1.95E-6,6.08E-8,8.4E-11,4.62E-167,0,0,0,0,0,0,0,0,0,0,0,0],[3.83E-167,6.97E-11,5.04E-8,1.61E-6,1.23E-5,3.65E-5,5.17E-5,3.65E-5,1.23E-5,1.61E-6,5.04E-8,6.97E-11,3.83E-167,0,0,0,0,0,0,0,0,0,0,0,0],[3.2E-167,5.82E-11,4.21E-8,1.35E-6,1.02E-5,3.05E-5,4.31E-5,3.05E-5,1.02E-5,1.35E-6,4.21E-8,5.82E-11,3.2E-167,0,0,0,0,0,0,0,0,0,0,0,0],[2.68E-167,4.89E-11,3.54E-8,1.13E-6,8.6E-6,2.56E-5,3.62E-5,2.56E-5,8.6E-6,1.13E-6,3.54E-8,4.89E-11,2.68E-167,0,0,0,0,0,0,0,0,0,0,0,0],[2.27E-167,4.13E-11,2.99E-8,9.56E-7,7.26E-6,2.16E-5,3.06E-5,2.16E-5,7.26E-6,9.56E-7,2.99E-8,4.13E-11,2.27E-167,0,0,0,0,0,0,0,0,0,0,0,0],[1.93E-167,3.51E-11,2.54E-8,8.12E-7,6.17E-6,1.84E-5,2.6E-5,1.84E-5,6.17E-6,8.12E-7,2.54E-8,3.51E-11,1.93E-167,0,0,0,0,0,0,0,0,0,0,0,0],[1.64E-167,2.99E-11,2.17E-8,6.94E-7,5.27E-6,1.57E-5,2.22E-5,1.57E-5,5.27E-6,6.94E-7,2.17E-8,2.99E-11,1.64E-167,0,0,0,0,0,0,0,0,0,0,0,0],[1.41E-167,2.57E-11,1.86E-8,5.95E-7,4.52E-6,1.35E-5,1.9E-5,1.35E-5,4.52E-6,5.95E-7,1.86E-8,2.57E-11,1.41E-167,0,0,0,0,0,0,0,0,0,0,0,0],[1.22E-167,2.21E-11,1.6E-8,5.13E-7,3.89E-6,1.16E-5,1.64E-5,1.16E-5,3.89E-6,5.13E-7,1.6E-8,2.21E-11,1.22E-167,0,0,0,0,0,0,0,0,0,0,0,0],[1.05E-167,1.92E-11,1.39E-8,4.44E-7,3.37E-6,1E-5,1.42E-5,1E-5,3.37E-6,4.44E-7,1.39E-8,1.92E-11,1.05E-167,0,0,0,0,0,0,0,0,0,0,0,0],[9.14E-168,1.66E-11,1.21E-8,3.86E-7,2.93E-6,8.72E-6,1.23E-5,8.72E-6,2.93E-6,3.86E-7,1.21E-8,1.66E-11,9.14E-168,0,0,0,0,0,0,0,0,0,0,0,0],[7.98E-168,1.45E-11,1.05E-8,3.36E-7,2.55E-6,7.61E-6,1.08E-5,7.61E-6,2.55E-6,3.36E-7,1.05E-8,1.45E-11,7.98E-168,0,0,0,0,0,0,0,0,0,0,0,0],[6.98E-168,1.27E-11,9.2E-9,2.94E-7,2.24E-6,6.66E-6,9.42E-6,6.66E-6,2.24E-6,2.94E-7,9.2E-9,1.27E-11,6.98E-168,0,0,0,0,0,0,0,0,0,0,0,0],[6.13E-168,1.12E-11,8.08E-9,2.59E-7,1.96E-6,5.85E-6,8.28E-6,5.85E-6,1.96E-6,2.59E-7,8.08E-9,1.12E-11,6.13E-168,0,0,0,0,0,0,0,0,0,0,0,0],[5.4E-168,9.84E-12,7.12E-9,2.28E-7,1.73E-6,5.16E-6,7.29E-6,5.16E-6,1.73E-6,2.28E-7,7.12E-9,9.84E-12,5.4E-168,0,0,0,0,0,0,0,0,0,0,0,0]]}